Name, Phone, Address
Cypress Lakes Resort by Oaks Hotels & Resorts, "<a href=""#"" class=""tl-phone-clip stop-link"" title=""Click to show number"" phonetype=""national"" phonenumber=""1300 886 091"" listingid=""0.32107139678073"" clickfrom=""SEARCH_RESULT"" > 				 	1300 886 ... 				 </a>", "Cnr McDonalds & Thompsons Rds, Pokolbin, NSW, 2320" 
Cypress Lakes Resort by Oaks Hotels & Resorts, "<a href=""#"" class=""tl-phone-clip stop-link"" title=""Click to show number"" phonetype=""national"" phonenumber=""1300 886 091"" listingid=""0.32107139678073"" clickfrom=""SEARCH_RESULT"" > 				 	1300 886 ... 				 </a>", "Cnr McDonalds & Thompsons Rds, Pokolbin, NSW, 2320" 
BEST WESTERN Central Motel & Apartments, "<a href=""#"" class=""tl-phone-clip stop-link"" title=""Click to show number"" phonetype=""local"" phonenumber=""(02) 6298 8988"" listingid=""0.50287036727427"" clickfrom=""SEARCH_RESULT"" > 				 	(02) 6298 8... 				 </a>", "11 Antill St, Queanbeyan, NSW, 2620" 
BEST WESTERN Central Motel & Apartments, "<a href=""#"" class=""tl-phone-clip stop-link"" title=""Click to show number"" phonetype=""local"" phonenumber=""(02) 6298 8988"" listingid=""0.50287036727427"" clickfrom=""SEARCH_RESULT"" > 				 	(02) 6298 8... 				 </a>", "11 Antill St, Queanbeyan, NSW, 2620" 
Best Western Australasia, "<a href=""#"" class=""tl-phone-clip stop-link"" title=""Click to show number"" phonetype=""local"" phonenumber=""13 17 79"" listingid=""0.03469787120884"" clickfrom=""SEARCH_RESULT"" > 				 	13 17... 				 </a>", "North Sydney, NSW, 2060" 
Best Western Australasia, "<a href=""#"" class=""tl-phone-clip stop-link"" title=""Click to show number"" phonetype=""local"" phonenumber=""13 17 79"" listingid=""0.03469787120884"" clickfrom=""SEARCH_RESULT"" > 				 	13 17... 				 </a>", "North Sydney, NSW, 2060" 
Oaks on Castlereagh, "<a href=""#"" class=""tl-phone-clip stop-link"" title=""Click to show number"" phonetype=""national"" phonenumber=""1300 080 292"" listingid=""0.46771503494001"" clickfrom=""SEARCH_RESULT"" > 				 	1300 080 ... 				 </a>", "317 Castlereagh Street, Haymarket, Sydney, NSW, 2000" 
Oaks on Castlereagh, "<a href=""#"" class=""tl-phone-clip stop-link"" title=""Click to show number"" phonetype=""national"" phonenumber=""1300 080 292"" listingid=""0.46771503494001"" clickfrom=""SEARCH_RESULT"" > 				 	1300 080 ... 				 </a>", "317 Castlereagh Street, Haymarket, Sydney, NSW, 2000" 
Albury Central Short Term Serviced Apartments, "<a href=""#"" class=""tl-phone-clip stop-link"" title=""Click to show number"" phonetype=""local"" phonenumber=""(02) 6023 5777"" listingid=""0.05916290576313"" clickfrom=""SEARCH_RESULT"" > 				 	(02) 6023 5... 				 </a>", "419 David St, Albury, NSW, 2640" 
Albury Central Short Term Serviced Apartments, "<a href=""#"" class=""tl-phone-clip stop-link"" title=""Click to show number"" phonetype=""local"" phonenumber=""(02) 6023 5777"" listingid=""0.05916290576313"" clickfrom=""SEARCH_RESULT"" > 				 	(02) 6023 5... 				 </a>", "419 David St, Albury, NSW, 2640" 
Highfield Private Hotel, "<a href=""#"" class=""tl-phone-clip stop-link"" title=""Click to show number"" phonetype=""local"" phonenumber=""1800 285 534"" listingid=""0.70109960276132"" clickfrom=""SEARCH_RESULT"" > 				 	1800 285 ... 				 </a>", "166 Victoria St, Potts Point, NSW, 2011" 
Highfield Private Hotel, "<a href=""#"" class=""tl-phone-clip stop-link"" title=""Click to show number"" phonetype=""local"" phonenumber=""1800 285 534"" listingid=""0.70109960276132"" clickfrom=""SEARCH_RESULT"" > 				 	1800 285 ... 				 </a>", "166 Victoria St, Potts Point, NSW, 2011" 
Millies Guest House & Apartments, "<a href=""#"" class=""tl-phone-clip stop-link"" title=""Click to show number"" phonetype=""local"" phonenumber=""(02) 6931 7638"" listingid=""0.13793507607243"" clickfrom=""SEARCH_RESULT"" > 				 	(02) 6931 7... 				 </a>", "199 Gurwood St, Wagga Wagga, NSW, 2650" 
Millies Guest House & Apartments, "<a href=""#"" class=""tl-phone-clip stop-link"" title=""Click to show number"" phonetype=""local"" phonenumber=""(02) 6931 7638"" listingid=""0.13793507607243"" clickfrom=""SEARCH_RESULT"" > 				 	(02) 6931 7... 				 </a>", "199 Gurwood St, Wagga Wagga, NSW, 2650" 
Elm Tree Park, "<a href=""#"" class=""tl-phone-clip stop-link"" title=""Click to show number"" phonetype=""mobile"" phonenumber=""0438 225 114"" listingid=""0.24917855736642"" clickfrom=""SEARCH_RESULT"" > 				 	0438 225 ... 				 </a>", "17 Duke Rd, Wagga Wagga, NSW, 2650" 
Elm Tree Park, "<a href=""#"" class=""tl-phone-clip stop-link"" title=""Click to show number"" phonetype=""mobile"" phonenumber=""0438 225 114"" listingid=""0.24917855736642"" clickfrom=""SEARCH_RESULT"" > 				 	0438 225 ... 				 </a>", "17 Duke Rd, Wagga Wagga, NSW, 2650" 
De Vere Hotel, "<a href=""#"" class=""tl-phone-clip stop-link"" title=""Click to show number"" phonetype=""local"" phonenumber=""(02) 9358 1211"" listingid=""0.59247679336684"" clickfrom=""SEARCH_RESULT"" > 				 	(02) 9358 1... 				 </a>", "44- 46 MacLeay St, Potts Point, NSW, 2011" 
De Vere Hotel, "<a href=""#"" class=""tl-phone-clip stop-link"" title=""Click to show number"" phonetype=""local"" phonenumber=""(02) 9358 1211"" listingid=""0.59247679336684"" clickfrom=""SEARCH_RESULT"" > 				 	(02) 9358 1... 				 </a>", "44- 46 MacLeay St, Potts Point, NSW, 2011" 
Northside Hotel Motel, "<a href=""#"" class=""tl-phone-clip stop-link"" title=""Click to show number"" phonetype=""local"" phonenumber=""(02) 6025 1066"" listingid=""0.99962014019580"" clickfrom=""SEARCH_RESULT"" > 				 	(02) 6025 1... 				 </a>", "Cnr Union & Urana Rds, Lavington, NSW, 2641" 
Northside Hotel Motel, "<a href=""#"" class=""tl-phone-clip stop-link"" title=""Click to show number"" phonetype=""local"" phonenumber=""(02) 6025 1066"" listingid=""0.99962014019580"" clickfrom=""SEARCH_RESULT"" > 				 	(02) 6025 1... 				 </a>", "Cnr Union & Urana Rds, Lavington, NSW, 2641" 
Winning Holidays, "<a href=""#"" class=""tl-phone-clip stop-link"" title=""Click to show number"" phonetype=""local"" phonenumber=""(02) 4984 0100"" listingid=""4.52935077693749"" clickfrom=""SEARCH_RESULT"" > 				 	(02) 4984 0... 				 </a>", "47 Shoal Bay Rd, Shoal Bay, NSW, 2315" 
Winning Holidays, "<a href=""#"" class=""tl-phone-clip stop-link"" title=""Click to show number"" phonetype=""local"" phonenumber=""(02) 4984 0100"" listingid=""4.52935077693749"" clickfrom=""SEARCH_RESULT"" > 				 	(02) 4984 0... 				 </a>", "47 Shoal Bay Rd, Shoal Bay, NSW, 2315" 
Getalong to Ettalong, "<a href=""#"" class=""tl-phone-clip stop-link"" title=""Click to show number"" phonetype=""local"" phonenumber=""(02) 4343 1500"" listingid=""2.75893797063219"" clickfrom=""SEARCH_RESULT"" > 				 	(02) 4343 1... 				 </a>", "PO Box 345, Ettalong Beach, NSW, 2257" 
Getalong to Ettalong, "<a href=""#"" class=""tl-phone-clip stop-link"" title=""Click to show number"" phonetype=""local"" phonenumber=""(02) 4343 1500"" listingid=""2.75893797063219"" clickfrom=""SEARCH_RESULT"" > 				 	(02) 4343 1... 				 </a>", "PO Box 345, Ettalong Beach, NSW, 2257" 
Jindabyne Apartments, "<a href=""#"" class=""tl-phone-clip stop-link"" title=""Click to show number"" phonetype=""local"" phonenumber=""(02) 9697 2912"" listingid=""2.33846437786044"" clickfrom=""SEARCH_RESULT"" > 				 	(02) 9697 2... 				 </a>", "Jindabyne, NSW, 2627" 
Jindabyne Apartments, "<a href=""#"" class=""tl-phone-clip stop-link"" title=""Click to show number"" phonetype=""local"" phonenumber=""(02) 9697 2912"" listingid=""2.33846437786044"" clickfrom=""SEARCH_RESULT"" > 				 	(02) 9697 2... 				 </a>", "Jindabyne, NSW, 2627" 
Giba Gunyah Country Cottages, "<a href=""#"" class=""tl-phone-clip stop-link"" title=""Click to show number"" phonetype=""local"" phonenumber=""(02) 6492 8404"" listingid=""2.43588426382580"" clickfrom=""SEARCH_RESULT"" > 				 	(02) 6492 8... 				 </a>", "224 Polacks Flat Rd, Bemboka, NSW, 2550" 
Giba Gunyah Country Cottages, "<a href=""#"" class=""tl-phone-clip stop-link"" title=""Click to show number"" phonetype=""local"" phonenumber=""(02) 6492 8404"" listingid=""2.43588426382580"" clickfrom=""SEARCH_RESULT"" > 				 	(02) 6492 8... 				 </a>", "224 Polacks Flat Rd, Bemboka, NSW, 2550" 
Outrigger Bay Apartments and Resort, "<a href=""#"" class=""tl-phone-clip stop-link"" title=""Click to show number"" phonetype=""local"" phonenumber=""(02) 6685 8646"" listingid=""2.54929143656548"" clickfrom=""SEARCH_RESULT"" > 				 	(02) 6685 8... 				 </a>", "9-13 Shirley St, Byron Bay, NSW, 2481" 
Outrigger Bay Apartments and Resort, "<a href=""#"" class=""tl-phone-clip stop-link"" title=""Click to show number"" phonetype=""local"" phonenumber=""(02) 6685 8646"" listingid=""2.54929143656548"" clickfrom=""SEARCH_RESULT"" > 				 	(02) 6685 8... 				 </a>", "9-13 Shirley St, Byron Bay, NSW, 2481" 
Hotel Motel Apartment Accommodation In Jindabyne, "<a href=""#"" class=""tl-phone-clip stop-link"" title=""Click to show number"" phonetype=""local"" phonenumber=""(02) 9671 3813"" listingid=""0.35249758464065"" clickfrom=""SEARCH_RESULT"" > 				 	(02) 9671 3... 				 </a>", "Jindabyne, NSW, 2627" 
Hotel Motel Apartment Accommodation In Jindabyne, "<a href=""#"" class=""tl-phone-clip stop-link"" title=""Click to show number"" phonetype=""local"" phonenumber=""(02) 9671 3813"" listingid=""0.35249758464065"" clickfrom=""SEARCH_RESULT"" > 				 	(02) 9671 3... 				 </a>", "Jindabyne, NSW, 2627" 
Whelan Strathfield Hotel, "<a href=""#"" class=""tl-phone-clip stop-link"" title=""Click to show number"" phonetype=""local"" phonenumber=""(02) 9744 9628"" listingid=""0.14238855333227"" clickfrom=""SEARCH_RESULT"" > 				 	(02) 9744 9... 				 </a>", "27 Everton Rd, Strathfield, NSW, 2135" 
Whelan Strathfield Hotel, "<a href=""#"" class=""tl-phone-clip stop-link"" title=""Click to show number"" phonetype=""local"" phonenumber=""(02) 9744 9628"" listingid=""0.14238855333227"" clickfrom=""SEARCH_RESULT"" > 				 	(02) 9744 9... 				 </a>", "27 Everton Rd, Strathfield, NSW, 2135" 
Cobargo Hotel Motel, "<a href=""#"" class=""tl-phone-clip stop-link"" title=""Click to show number"" phonetype=""national"" phonenumber=""1300 364 441"" listingid=""4.99009392642886"" clickfrom=""SEARCH_RESULT"" > 				 	1300 364 ... 				 </a>", "Princes Highway, 39-41 Princes Hwy, Cobargo, NSW, 2550" 
Cobargo Hotel Motel, "<a href=""#"" class=""tl-phone-clip stop-link"" title=""Click to show number"" phonetype=""national"" phonenumber=""1300 364 441"" listingid=""4.99009392642886"" clickfrom=""SEARCH_RESULT"" > 				 	1300 364 ... 				 </a>", "Princes Highway, 39-41 Princes Hwy, Cobargo, NSW, 2550" 
Royal Hotel-Motel, "<a href=""#"" class=""tl-phone-clip stop-link"" title=""Click to show number"" phonetype=""local"" phonenumber=""(02) 6572 1194"" listingid=""9.67477807602429"" clickfrom=""SEARCH_RESULT"" > 				 	(02) 6572 1... 				 </a>", "New England Hwy, Singleton, NSW, 2330" 
Royal Hotel-Motel, "<a href=""#"" class=""tl-phone-clip stop-link"" title=""Click to show number"" phonetype=""local"" phonenumber=""(02) 6572 1194"" listingid=""9.67477807602429"" clickfrom=""SEARCH_RESULT"" > 				 	(02) 6572 1... 				 </a>", "New England Hwy, Singleton, NSW, 2330" 
New Crown Hotel, "<a href=""#"" class=""tl-phone-clip stop-link"" title=""Click to show number"" phonetype=""local"" phonenumber=""(02) 6993 1600"" listingid=""4.43917005203626"" clickfrom=""SEARCH_RESULT"" > 				 	(02) 6993 1... 				 </a>", "117 Lachlan St, Hay, NSW, 2711" 
New Crown Hotel, "<a href=""#"" class=""tl-phone-clip stop-link"" title=""Click to show number"" phonetype=""local"" phonenumber=""(02) 6993 1600"" listingid=""4.43917005203626"" clickfrom=""SEARCH_RESULT"" > 				 	(02) 6993 1... 				 </a>", "117 Lachlan St, Hay, NSW, 2711" 
Aberdeen Motor Inn, "<a href=""#"" class=""tl-phone-clip stop-link"" title=""Click to show number"" phonetype=""local"" phonenumber=""(02) 6884 1700"" listingid=""0.26251070192490"" clickfrom=""SEARCH_RESULT"" > 				 	(02) 6884 1... 				 </a>", "25 Cobra St., Dubbo, NSW, 2830" 
Aberdeen Motor Inn, "<a href=""#"" class=""tl-phone-clip stop-link"" title=""Click to show number"" phonetype=""local"" phonenumber=""(02) 6884 1700"" listingid=""0.26251070192490"" clickfrom=""SEARCH_RESULT"" > 				 	(02) 6884 1... 				 </a>", "25 Cobra St., Dubbo, NSW, 2830" 
London Hotel - Motel, "<a href=""#"" class=""tl-phone-clip stop-link"" title=""Click to show number"" phonetype=""local"" phonenumber=""(02) 6978 2300"" listingid=""7.23539922397370"" clickfrom=""SEARCH_RESULT"" > 				 	(02) 6978 2... 				 </a>", "12 Mirrool Street, Ardlethan, NSW, 2665" 
London Hotel - Motel, "<a href=""#"" class=""tl-phone-clip stop-link"" title=""Click to show number"" phonetype=""local"" phonenumber=""(02) 6978 2300"" listingid=""7.23539922397370"" clickfrom=""SEARCH_RESULT"" > 				 	(02) 6978 2... 				 </a>", "12 Mirrool Street, Ardlethan, NSW, 2665" 
The Valley Hotel Motel, "<a href=""#"" class=""tl-phone-clip stop-link"" title=""Click to show number"" phonetype=""local"" phonenumber=""(02) 6342 2900"" listingid=""2.97178849992088"" clickfrom=""SEARCH_RESULT"" > 				 	(02) 6342 2... 				 </a>", "162 Kendal St, Cowra, NSW, 2794" 
The Valley Hotel Motel, "<a href=""#"" class=""tl-phone-clip stop-link"" title=""Click to show number"" phonetype=""local"" phonenumber=""(02) 6342 2900"" listingid=""2.97178849992088"" clickfrom=""SEARCH_RESULT"" > 				 	(02) 6342 2... 				 </a>", "162 Kendal St, Cowra, NSW, 2794" 
Oasis Hotel Motel, "<a href=""#"" class=""tl-phone-clip stop-link"" title=""Click to show number"" phonetype=""local"" phonenumber=""(02) 6766 3391"" listingid=""5.09573288181196"" clickfrom=""SEARCH_RESULT"" > 				 	(02) 6766 3... 				 </a>", "Tamworth, NSW, 2340" 
Oasis Hotel Motel, "<a href=""#"" class=""tl-phone-clip stop-link"" title=""Click to show number"" phonetype=""local"" phonenumber=""(02) 6766 3391"" listingid=""5.09573288181196"" clickfrom=""SEARCH_RESULT"" > 				 	(02) 6766 3... 				 </a>", "Tamworth, NSW, 2340" 
Port Stephens Accommodation, "<a href=""#"" class=""tl-phone-clip stop-link"" title=""Click to show number"" phonetype=""local"" phonenumber=""(02) 4981 1577"" listingid=""0.44644453354587"" clickfrom=""SEARCH_RESULT"" > 				 	(02) 4981 1... 				 </a>", "5 Stockton St, Nelson Bay, NSW, 2315" 
Port Stephens Accommodation, "<a href=""#"" class=""tl-phone-clip stop-link"" title=""Click to show number"" phonetype=""local"" phonenumber=""(02) 4981 1577"" listingid=""0.44644453354587"" clickfrom=""SEARCH_RESULT"" > 				 	(02) 4981 1... 				 </a>", "5 Stockton St, Nelson Bay, NSW, 2315" 
Hampton Halfway Hotel Motel, "<a href=""#"" class=""tl-phone-clip stop-link"" title=""Click to show number"" phonetype=""local"" phonenumber=""(02) 6359 3302"" listingid=""2.69391139861287"" clickfrom=""SEARCH_RESULT"" > 				 	(02) 6359 3... 				 </a>", "Jenolan Caves Rd, Hampton, NSW, 2790" 
Hampton Halfway Hotel Motel, "<a href=""#"" class=""tl-phone-clip stop-link"" title=""Click to show number"" phonetype=""local"" phonenumber=""(02) 6359 3302"" listingid=""2.69391139861287"" clickfrom=""SEARCH_RESULT"" > 				 	(02) 6359 3... 				 </a>", "Jenolan Caves Rd, Hampton, NSW, 2790" 
Monarch Motel Hotel, "<a href=""#"" class=""tl-phone-clip stop-link"" title=""Click to show number"" phonetype=""local"" phonenumber=""(02) 4474 2433"" listingid=""7.98238361113816"" clickfrom=""SEARCH_RESULT"" > 				 	(02) 4474 2... 				 </a>", "50 Vulcan St, Moruya, NSW, 2537" 
Monarch Motel Hotel, "<a href=""#"" class=""tl-phone-clip stop-link"" title=""Click to show number"" phonetype=""local"" phonenumber=""(02) 4474 2433"" listingid=""7.98238361113816"" clickfrom=""SEARCH_RESULT"" > 				 	(02) 4474 2... 				 </a>", "50 Vulcan St, Moruya, NSW, 2537" 
White Cliffs Hotel Motel, "<a href=""#"" class=""tl-phone-clip stop-link"" title=""Click to show number"" phonetype=""local"" phonenumber=""(08) 8091 6606"" listingid=""4.83313485649252"" clickfrom=""SEARCH_RESULT"" > 				 	(08) 8091 6... 				 </a>", "White Cliffs, NSW, 2836" 
White Cliffs Hotel Motel, "<a href=""#"" class=""tl-phone-clip stop-link"" title=""Click to show number"" phonetype=""local"" phonenumber=""(08) 8091 6606"" listingid=""4.83313485649252"" clickfrom=""SEARCH_RESULT"" > 				 	(08) 8091 6... 				 </a>", "White Cliffs, NSW, 2836" 
Old Willyama Motor-Inn/Hotel, "<a href=""#"" class=""tl-phone-clip stop-link"" title=""Click to show number"" phonetype=""local"" phonenumber=""(08) 8088 3355"" listingid=""0.64532410259649"" clickfrom=""SEARCH_RESULT"" > 				 	(08) 8088 3... 				 </a>", "30 Iodide St, Broken Hill, NSW, 2880" 
Old Willyama Motor-Inn/Hotel, "<a href=""#"" class=""tl-phone-clip stop-link"" title=""Click to show number"" phonetype=""local"" phonenumber=""(08) 8088 3355"" listingid=""0.64532410259649"" clickfrom=""SEARCH_RESULT"" > 				 	(08) 8088 3... 				 </a>", "30 Iodide St, Broken Hill, NSW, 2880" 
Commercial Hotel Motel, "<a href=""#"" class=""tl-phone-clip stop-link"" title=""Click to show number"" phonetype=""local"" phonenumber=""(02) 6734 5315"" listingid=""8.11442707430547"" clickfrom=""SEARCH_RESULT"" > 				 	(02) 6734 5... 				 </a>", "49 Tenterfield Street, Deepwater, NSW, 2371" 
Commercial Hotel Motel, "<a href=""#"" class=""tl-phone-clip stop-link"" title=""Click to show number"" phonetype=""local"" phonenumber=""(02) 6734 5315"" listingid=""8.11442707430547"" clickfrom=""SEARCH_RESULT"" > 				 	(02) 6734 5... 				 </a>", "49 Tenterfield Street, Deepwater, NSW, 2371" 
Commercial Hotel Motel, """<a href=""""#"""" class=""""tl-phone-clip stop-link"""" title=""""Click to show number"""" phonetype=""""local"""" phonenumber=""""(02) 6734 5315"""" listingid=""""8.11442707430547"""" clickfrom=""""SEARCH_RESULT"""" > 				 	(02) 6734 5... 				 </a>""", """49 Tenterfield Street, Deepwater, NSW, 2371""" 
Commercial Hotel Motel, """""""<a href=""""""""#"""""""" class=""""""""tl-phone-clip stop-link"""""""" title=""""""""Click to show number"""""""" phonetype=""""""""local"""""""" phonenumber=""""""""(02) 6734 5315"""""""" listingid=""""""""8.11442707430547"""""""" clickfrom=""""""""SEARCH_RESULT"""""""" > 				 	(02) 6734 5... 				 </a>""""""", """""""49 Tenterfield Street, Deepwater, NSW, 2371""""""" 
Commercial Hotel Motel, """""""""""""""<a href=""""""""""""""""#"""""""""""""""" class=""""""""""""""""tl-phone-clip stop-link"""""""""""""""" title=""""""""""""""""Click to show number"""""""""""""""" phonetype=""""""""""""""""local"""""""""""""""" phonenumber=""""""""""""""""(02) 6734 5315"""""""""""""""" listingid=""""""""""""""""8.11442707430547"""""""""""""""" clickfrom=""""""""""""""""SEARCH_RESULT"""""""""""""""" > 				 	(02) 6734 5... 				 </a>""""""""""""""", """""""""""""""49 Tenterfield Street, Deepwater, NSW, 2371""""""""""""""" 
Commercial Hotel Motel, """""""""""""""""""""""""""""""<a href=""""""""""""""""""""""""""""""""#"""""""""""""""""""""""""""""""" class=""""""""""""""""""""""""""""""""tl-phone-clip stop-link"""""""""""""""""""""""""""""""" title=""""""""""""""""""""""""""""""""Click to show number"""""""""""""""""""""""""""""""" phonetype=""""""""""""""""""""""""""""""""local"""""""""""""""""""""""""""""""" phonenumber=""""""""""""""""""""""""""""""""(02) 6734 5315"""""""""""""""""""""""""""""""" listingid=""""""""""""""""""""""""""""""""8.11442707430547"""""""""""""""""""""""""""""""" clickfrom=""""""""""""""""""""""""""""""""SEARCH_RESULT"""""""""""""""""""""""""""""""" > 				 	(02) 6734 5... 				 </a>""""""""""""""""""""""""""""""", """""""""""""""""""""""""""""""49 Tenterfield Street, Deepwater, NSW, 2371""""""""""""""""""""""""""""""" 
Commercial Hotel Motel, """""""""""""""""""""""""""""""""""""""""""""""""""""""""""""""<a href=""""""""""""""""""""""""""""""""""""""""""""""""""""""""""""""""#"""""""""""""""""""""""""""""""""""""""""""""""""""""""""""""""" class=""""""""""""""""""""""""""""""""""""""""""""""""""""""""""""""""tl-phone-clip stop-link"""""""""""""""""""""""""""""""""""""""""""""""""""""""""""""""" title=""""""""""""""""""""""""""""""""""""""""""""""""""""""""""""""""Click to show number"""""""""""""""""""""""""""""""""""""""""""""""""""""""""""""""" phonetype=""""""""""""""""""""""""""""""""""""""""""""""""""""""""""""""""local"""""""""""""""""""""""""""""""""""""""""""""""""""""""""""""""" phonenumber=""""""""""""""""""""""""""""""""""""""""""""""""""""""""""""""""(02) 6734 5315"""""""""""""""""""""""""""""""""""""""""""""""""""""""""""""""" listingid=""""""""""""""""""""""""""""""""""""""""""""""""""""""""""""""""8.11442707430547"""""""""""""""""""""""""""""""""""""""""""""""""""""""""""""""" clickfrom=""""""""""""""""""""""""""""""""""""""""""""""""""""""""""""""""SEARCH_RESULT"""""""""""""""""""""""""""""""""""""""""""""""""""""""""""""""" > 				 	(02) 6734 5... 				 </a>""""""""""""""""""""""""""""""""""""""""""""""""""""""""""""""", """""""""""""""""""""""""""""""""""""""""""""""""""""""""""""""49 Tenterfield Street, Deepwater, NSW, 2371""""""""""""""""""""""""""""""""""""""""""""""""""""""""""""""" 
